-- Registros de pacientes para pruebas

-- Insertar pacientes con datos variados
INSERT INTO Paciente (documento, tipo_documento_id, estado_civil_id, nombre, apellido, fecha_nacimiento, estudio, direccion, fecha_registro) VALUES
('12345678', 1, 1, 'María', 'González', '1985-04-15', 'Universitaria', 'Av. Principal #123, Caracas', '2023-01-10 09:15:22'),
('23456789', 1, 2, 'Juana', 'Pérez', '1978-11-22', 'Bachiller', 'Calle 5 con Av. 2, Maracaibo', '2023-01-12 14:30:45'),
('34567890', 1, 1, 'Ana', 'Rodríguez', '1992-07-03', 'Técnico Superior', 'Urbanización Las Acacias, Valencia', '2023-01-15 10:20:33'),
('45678901', 1, 3, 'Carla', 'López', '1965-09-18', 'Doctorado', 'Sector El Recreo, Mérida', '2023-01-18 16:45:12'),
('56789012', 1, 2, 'Laura', 'Martínez', '1988-12-30', 'Maestría', 'Residencias Los Pinos, Barquisimeto', '2023-01-20 11:10:28'),
('67890123', 1, 1, 'Petra', 'Hernández', '1995-02-14', 'Bachiller', 'Calle Los Jardines #45, Puerto La Cruz', '2023-01-22 08:25:17'),
('78901234', 1, 2, 'Sofía', 'García', '1980-06-25', 'Universitaria', 'Urbanización La Floresta, Maracay', '2023-01-25 13:40:55'),
('89012345', 1, 1, 'Luisa', 'Díaz', '1998-08-08', 'Estudiante', 'Av. Bolívar #78, Ciudad Guayana', '2023-01-28 17:15:42'),
('90123456', 1, 3, 'Isabel', 'Torres', '1972-03-12', 'Técnico Medio', 'Sector La Victoria, San Cristóbal', '2023-02-01 10:05:39'),
('0123456712', 1, 2, 'Jorgina', 'Sánchez', '1983-10-05', 'Universitaria', 'Calle 10 entre 5 y 6, Barcelona', '2023-02-05 14:20:11'),
('1234567', 2, 1, 'Andrea', 'Ramírez', '1990-05-19', 'Maestría', 'Av. Andrés Bello, Caracas', '2023-02-08 09:35:24'),
('2345678', 2, 2, 'Miranda', 'Fernández', '1975-12-08', 'Doctorado', 'Urbanización El Paraíso, Valencia', '2023-02-10 16:50:03'),
('123456789', 3, 1, 'Elena', 'Gómez', '1987-07-21', 'Universitaria', 'Calle Comercio #12, Maracaibo', '2023-02-15 11:25:47'),
('234567890', 3, 2, 'Ricarda', 'Vargas', '1979-04-30', 'Técnico Superior', 'Sector Los Samanes, Mérida', '2023-02-18 08:40:19'),
('12345678922', 4, 1, 'Patricia', 'Mendoza', '1993-09-11', 'Bachiller', 'Av. Las Delicias, Barquisimeto', '2023-02-20 13:55:31'),
('12345670', 1, 3, 'Daniela', 'Rojas', '1968-01-27', 'Técnico Medio', 'Urbanización La Paz, Puerto La Cruz', '2023-02-22 17:30:08'),
('23456701', 1, 2, 'Gabriela', 'Silva', '1984-11-03', 'Universitaria', 'Calle Los Almendros #34, Maracay', '2023-02-25 10:45:52'),
('34567012', 1, 1, 'Oscara', 'Morales', '1996-06-17', 'Estudiante', 'Sector La Candelaria, Ciudad Guayana', '2023-02-28 14:10:26'),
('45670123', 1, 2, 'Carmen', 'Ortiz', '1981-08-09', 'Bachiller', 'Av. Principal #56, San Cristóbal', '2023-03-03 09:25:14'),
('56701234', 1, 1, 'Fernanda', 'Núñez', '1994-02-23', 'Técnico Superior', 'Urbanización Los Naranjos, Barcelona', '2023-03-06 16:40:37'),
('67012345', 1, 3, 'Adriana', 'Delgado', '1970-05-14', 'Universitaria', 'Calle 8 con Av. 3, Caracas', '2023-03-09 11:55:49'),
('70123456', 1, 2, 'Roberta', 'Castillo', '1986-10-28', 'Maestría', 'Sector La Trinidad, Valencia', '2023-03-12 08:20:33'),
('01234560', 1, 1, 'Natalia', 'Guerrero', '1997-03-07', 'Estudiante', 'Av. Los Jabillos #89, Maracaibo', '2023-03-15 13:35:21'),
('3456789', 2, 2, 'Héctor', 'Rivas', '1977-12-19', 'Doctorado', 'Urbanización La Arboleda, Mérida', '2023-03-18 17:50:44'),
('345678901', 3, 1, 'Lucía', 'Peña', '1989-07-02', 'Universitaria', 'Calle Los Pinos #23, Barquisimeto', '2023-03-21 10:15:18'),
('2345678980', 4, 2, 'Raúla', 'Márquez', '1982-04-16', 'Técnico Superior', 'Sector Los Mangos, Puerto La Cruz', '2023-03-24 14:30:52'),
('12345671', 1, 3, 'Verónica', 'Castro', '1969-09-25', 'Bachiller', 'Av. Las Palmas #67, Maracay', '2023-03-27 09:45:27'),
('23456712', 1, 2, 'Francisca', 'Rivera', '1983-01-08', 'Universitaria', 'Urbanización La Campiña, Ciudad Guayana', '2023-03-30 16:00:39'),
('34567123', 1, 1, 'Diana', 'Suárez', '1995-06-30', 'Estudiante', 'Calle Los Girasoles #12, San Cristóbal', '2023-04-02 11:25:14'),
('45671234', 1, 2, 'Jana', 'Romero', '1980-11-12', 'Técnico Medio', 'Av. Los Laureles #45, Barcelona', '2023-04-05 08:40:58'),
('56712345', 1, 1, 'Teresa', 'Navarro', '1992-02-24', 'Maestría', 'Sector La Esperanza, Caracas', '2023-04-08 13:55:32'),
('67123456', 1, 3, 'Alberta', 'Molina', '1971-07-17', 'Universitaria', 'Calle 4 con Av. 5, Valencia', '2023-04-11 17:20:46'),
('71234560', 1, 2, 'Silvia', 'Paredes', '1987-04-29', 'Doctorado', 'Urbanización Los Robles, Maracaibo', '2023-04-14 10:35:19'),
('4567890', 2, 1, 'Maria', 'Cordero', '1998-12-03', 'Estudiante', 'Av. Los Cocos #78, Mérida', '2023-04-17 14:50:43'),
('456789012', 3, 2, 'Beatriz', 'Fuentes', '1979-05-26', 'Bachiller', 'Sector Las Brisas, Barquisimeto', '2023-04-20 09:15:28'),
('34567833901', 4, 1, 'Artura', 'Vega', '1985-10-09', 'Técnico Superior', 'Calle Los Guayabos #34, Puerto La Cruz', '2023-04-23 16:30:52'),
('12345672', 1, 3, 'Rosa', 'Miranda', '1972-03-22', 'Universitaria', 'Urbanización Los Jardines, Maracay', '2023-04-26 11:45:37'),
('23456723', 1, 2, 'Maria', 'Santana', '1984-08-15', 'Maestría', 'Av. Las Acacias #56, Ciudad Guayana', '2023-04-29 08:10:21'),
('34567234', 1, 1, 'Gloria', 'Aguirre', '1996-01-28', 'Estudiante', 'Sector La Floresta, San Cristóbal', '2023-05-02 13:25:45'),
('45672345', 1, 2, 'Felicia', 'Cárdenas', '1981-06-11', 'Doctorado', 'Calle Los Almendros #89, Barcelona', '2023-05-05 17:40:19'),
('56723456', 1, 1, 'Alicia', 'Valdez', '1993-11-24', 'Universitaria', 'Av. Los Mangos #12, Caracas', '2023-05-08 10:55:33'),
('67234560', 1, 3, 'Manuela', 'Campos', '1970-04-07', 'Técnico Medio', 'Urbanización La Rinconada, Valencia', '2023-05-11 14:20:47'),
('72345601', 1, 2, 'Lorena', 'Ríos', '1988-09-20', 'Bachiller', 'Sector Los Naranjos, Maracaibo', '2023-05-14 09:35:22'),
('5678901', 2, 1, 'MariaJose', 'Salazar', '1999-02-03', 'Estudiante', 'Av. Los Samanes #45, Mérida', '2023-05-17 16:50:56'),
('567890123', 3, 2, 'Marina', 'Paz', '1978-07-16', 'Universitaria', 'Calle Los Pinos #67, Barquisimeto', '2023-05-20 11:15:41'),
('45671189012', 4, 1, 'Delfa', 'Rosales', '1986-12-29', 'Técnico Superior', 'Urbanización Las Palmas, Puerto La Cruz', '2023-05-23 08:30:25'),
('12345673', 1, 3, 'Sara', 'Cortés', '1973-05-12', 'Maestría', 'Av. Los Robles #78, Maracay', '2023-05-26 13:45:59'),
('23456734', 1, 2, 'Alejandra', 'Lara', '1985-10-25', 'Doctorado', 'Sector La Campiña, Ciudad Guayana', '2023-05-29 17:10:14');

-- Insertar teléfonos para los pacientes
INSERT INTO Telefono (paciente_id, numero) VALUES
(1, '04121234567'), (1, '02121234567'),
(2, '04241234567'),
(3, '04141234567'), (3, '02341234567'),
(4, '04161234567'),
(5, '04261234567'), (5, '02121234568'),
(6, '04121234568'),
(7, '04241234568'), (7, '02341234568'),
(8, '04141234568'),
(9, '04161234568'), (9, '02121234569'),
(10, '04261234568'),
(11, '04121234569'), (11, '02341234569'),
(12, '04241234569'),
(13, '04141234569'), (13, '02121234570'),
(14, '04161234569'),
(15, '04261234569'), (15, '02341234570'),
(16, '04121234570'),
(17, '04241234570'), (17, '02121234571'),
(18, '04141234570'),
(19, '04161234570'), (19, '02341234571'),
(20, '04261234570'),
(21, '04121234571'), (21, '02121234572'),
(22, '04241234571'),
(23, '04141234571'), (23, '02341234572'),
(24, '04161234571'),
(25, '04261234571'), (25, '02121234573'),
(26, '04121234572'),
(27, '04241234572'), (27, '02341234573'),
(28, '04141234572'),
(29, '04161234572'), (29, '02121234574'),
(30, '04261234572'),
(31, '04121234573'), (31, '02341234574'),
(32, '04241234573'),
(33, '04141234573'), (33, '02121234575'),
(34, '04161234573'),
(35, '04261234573'), (35, '02341234575'),
(36, '04121234574'),
(37, '04241234574'), (37, '02121234576'),
(38, '04141234574'),
(39, '04161234574'), (39, '02341234576'),
(40, '04261234574'),
(41, '04121234575'), (41, '02121234577'),
(42, '04241234575'),
(43, '04141234575'), (43, '02341234577'),
(44, '04161234575'),
(45, '04261234575'), (45, '02121234578'),
(46, '04121234576'),
(47, '04241234576'), (47, '02341234578'),
(48, '04141234576');

-- Insertar hábitos para los pacientes
INSERT INTO Habito (paciente_id, alcohol, tabaco, cafe) VALUES
(1, FALSE, TRUE, TRUE),
(2, TRUE, FALSE, TRUE),
(3, FALSE, FALSE, TRUE),
(4, TRUE, TRUE, FALSE),
(5, FALSE, TRUE, FALSE),
(6, TRUE, FALSE, FALSE),
(7, FALSE, FALSE, TRUE),
(8, TRUE, TRUE, TRUE),
(9, FALSE, TRUE, TRUE),
(10, TRUE, FALSE, TRUE),
(11, FALSE, FALSE, FALSE),
(12, TRUE, TRUE, FALSE),
(13, FALSE, TRUE, FALSE),
(14, TRUE, FALSE, TRUE),
(15, FALSE, FALSE, TRUE),
(16, TRUE, TRUE, TRUE),
(17, FALSE, TRUE, TRUE),
(18, TRUE, FALSE, TRUE),
(19, FALSE, FALSE, FALSE),
(20, TRUE, TRUE, FALSE),
(21, FALSE, TRUE, FALSE),
(22, TRUE, FALSE, TRUE),
(23, FALSE, FALSE, TRUE),
(24, TRUE, TRUE, TRUE),
(25, FALSE, TRUE, TRUE),
(26, TRUE, FALSE, TRUE),
(27, FALSE, FALSE, FALSE),
(28, TRUE, TRUE, FALSE),
(29, FALSE, TRUE, FALSE),
(30, TRUE, FALSE, TRUE),
(31, FALSE, FALSE, TRUE),
(32, TRUE, TRUE, TRUE),
(33, FALSE, TRUE, TRUE),
(34, TRUE, FALSE, TRUE),
(35, FALSE, FALSE, FALSE),
(36, TRUE, TRUE, FALSE),
(37, FALSE, TRUE, FALSE),
(38, TRUE, FALSE, TRUE),
(39, FALSE, FALSE, TRUE),
(40, TRUE, TRUE, TRUE),
(41, FALSE, TRUE, TRUE),
(42, TRUE, FALSE, TRUE),
(43, FALSE, FALSE, FALSE),
(44, TRUE, TRUE, FALSE),
(45, FALSE, TRUE, FALSE),
(46, TRUE, FALSE, TRUE),
(47, FALSE, FALSE, TRUE),
(48, TRUE, TRUE, TRUE);

-- Insertar exámenes físicos para algunos pacientes
INSERT INTO ExamenFisico (paciente_id, examen_mama, colposcopia) VALUES
(1, 'Normal', 'No realizada'),
(2, 'Nódulo pequeño en mama derecha', 'Normal'),
(3, 'Normal', 'Leucoplasia'),
(4, 'Normal', 'No realizada'),
(5, 'Quiste simple', 'Normal'),
(6, 'Normal', 'No realizada'),
(7, 'Fibroadenoma', 'Zona de transformación tipo 1'),
(8, 'Normal', 'No realizada'),
(9, 'Normal', 'Zona de transformación tipo 2'),
(10, 'Microcalcificaciones', 'Normal'),
(15, 'Normal', 'No realizada'),
(20, 'Nódulo irregular', 'Ectropión'),
(25, 'Normal', 'No realizada'),
(30, 'Normal', 'Zona de transformación tipo 3'),
(35, 'Quiste complejo', 'Normal'),
(40, 'Normal', 'No realizada'),
(45, 'Normal', 'Leucoplasia');

-- Insertar controles médicos para los pacientes
INSERT INTO Control (paciente_id, fecha, peso, talla, tension_arterial, frecuencia_cardiaca, observaciones) VALUES
(1, '2023-01-15', 65.5, 1.65, '120/80', 72, 'Paciente en buen estado general'),
(1, '2023-04-15', 64.8, 1.65, '118/78', 70, 'Control rutinario'),
(2, '2023-01-20', 78.2, 1.78, '130/85', 75, 'Se recomienda dieta baja en sal'),
(3, '2023-01-25', 58.7, 1.62, '110/70', 68, 'Control ginecológico'),
(4, '2023-02-01', 82.5, 1.75, '140/90', 80, 'Hipertensión controlada'),
(5, '2023-02-05', 60.3, 1.68, '115/75', 72, 'Embarazo de 12 semanas'),
(6, '2023-02-10', 70.1, 1.72, '125/80', 74, 'Control anual'),
(7, '2023-02-15', 55.9, 1.60, '105/65', 66, 'Paciente saludable'),
(8, '2023-02-20', 90.4, 1.85, '135/85', 78, 'Sobrepeso, se recomienda ejercicio'),
(9, '2023-02-25', 62.7, 1.63, '120/80', 70, 'Control posmenopáusico'),
(10, '2023-03-01', 75.8, 1.77, '130/80', 76, 'Control rutinario'),
(11, '2023-03-05', 53.2, 1.58, '100/60', 64, 'Bajo peso, evaluar nutrición'),
(12, '2023-03-10', 68.9, 1.70, '120/75', 72, 'Paciente estable'),
(13, '2023-03-15', 59.6, 1.64, '110/70', 68, 'Control ginecológico'),
(14, '2023-03-20', 85.3, 1.80, '145/95', 82, 'Ajustar medicación hipertensiva'),
(15, '2023-03-25', 63.5, 1.66, '115/75', 70, 'Embarazo de 20 semanas'),
(16, '2023-04-01', 72.8, 1.73, '125/80', 74, 'Control anual'),
(17, '2023-04-05', 57.4, 1.61, '105/65', 66, 'Paciente saludable'),
(18, '2023-04-10', 88.6, 1.82, '140/90', 80, 'Sobrepeso, dieta recomendada'),
(19, '2023-04-15', 61.9, 1.65, '120/80', 72, 'Control posmenopáusico'),
(20, '2023-04-20', 77.5, 1.76, '130/85', 76, 'Control rutinario'),
(25, '2023-05-10', 64.2, 1.67, '118/78', 70, 'Embarazo de 28 semanas'),
(30, '2023-05-15', 71.3, 1.71, '125/80', 74, 'Control anual'),
(35, '2023-05-20', 56.8, 1.59, '105/65', 66, 'Paciente saludable'),
(40, '2023-05-25', 87.9, 1.81, '135/85', 78, 'Sobrepeso, se recomienda ejercicio'),
(45, '2023-05-30', 62.1, 1.64, '120/80', 72, 'Control posmenopáusico');

-- Insertar informes médicos
INSERT INTO Informe (control_id, tipo_informe_id, conclusion) VALUES
(1, 3, 'Embarazo de 8 semanas con latido cardíaco fetal presente'),
(3, 1, 'Eco ginecológico normal, útero y ovarios sin alteraciones'),
(5, 2, 'Nódulo en mama derecha de características benignas, control en 6 meses'),
(7, 6, 'Eco abdominal normal, órganos sin alteraciones'),
(10, 4, 'Embarazo de 22 semanas, anatomía fetal normal'),
(10, 6, 'Eco abdominal normal, órganos sin alteraciones'),
(15, 5, 'Embarazo de 32 semanas, crecimiento fetal adecuado'),
(18, 5, 'Embarazo de 34 semanas, crecimiento fetal adecuado'),
(20, 3, 'Embarazo de 10 semanas con latido cardíaco fetal presente'),
(25, 4, 'Embarazo de 24 semanas, anatomía fetal normal');

-- Insertar antecedentes familiares
INSERT INTO AntecedenteFamiliar (paciente_id, descripcion) VALUES
(1, 'Madre con cáncer de mama a los 60 años, padre hipertenso'),
(2, 'Diabetes mellitus en abuela materna'),
(3, 'Sin antecedentes familiares relevantes'),
(4, 'Padre con infarto a los 55 años, madre con diabetes tipo 2'),
(5, 'Hermano con hipertensión arterial'),
(6, 'Abuela paterna con cáncer de ovario'),
(7, 'Madre y tía con cáncer de mama'),
(8, 'Padre y abuelo paterno con enfermedad coronaria'),
(9, 'Sin antecedentes familiares relevantes'),
(10, 'Madre con osteoporosis severa'),
(15, 'Padre diabético, madre hipertensa'),
(20, 'Hermana con cáncer de mama a los 45 años'),
(25, 'Abuelo materno con Alzheimer'),
(30, 'Padre con cáncer de próstata'),
(35, 'Madre con lupus eritematoso sistémico'),
(40, 'Sin antecedentes familiares relevantes'),
(45, 'Familia con múltiples casos de diabetes tipo 2');

-- Insertar antecedentes personales
INSERT INTO AntecedentePersonal (paciente_id, tipo_sangre_id, descripcion) VALUES
(1, 1, 'Alergia a penicilina, apendicectomía a los 20 años'),
(2, 3, 'Hipoacusia leve en oído izquierdo'),
(3, 5, 'Asma bronquial en la infancia'),
(4, 7, 'Colecistectomía a los 45 años'),
(5, 2, 'Ninguno'),
(6, 4, 'Fractura de tibia a los 15 años'),
(7, 6, 'Tiroiditis de Hashimoto'),
(8, 8, 'Hernia inguinal operada'),
(9, 1, 'Artritis reumatoide'),
(10, 3, 'Migraña crónica'),
(11, 5, 'Ninguno'),
(12, 7, 'Colelitiasis'),
(13, 2, 'Alergia a mariscos'),
(14, 4, 'Hipertensión arterial'),
(15, 6, 'Diabetes gestacional en embarazo anterior'),
(16, 8, 'Ninguno'),
(17, 1, 'Depresión mayor'),
(18, 3, 'Obesidad mórbida'),
(19, 5, 'Hipotiroidismo'),
(20, 7, 'Ninguno'),
(25, 2, 'Embarazo gemelar previo'),
(30, 4, 'Cirugía de miomas uterinos'),
(35, 6, 'Síndrome de ovario poliquístico'),
(40, 8, 'Ninguno'),
(45, 1, 'Ooforectomía bilateral');

-- Insertar antecedentes obstétricos
INSERT INTO AntecedenteObstetrico (paciente_id, gesta, vag, cec, aborto, pmf, fpu, eqx, fur, fpp) VALUES
(1, 2, 1, 0, 1, '2010', '2015', 'Ninguno', '2023-01-01', '2023-10-08'),
(5, 1, 0, 0, 0, 'Ninguno', 'Ninguno', 'Ninguno', '2022-12-15', '2023-09-22'),
(7, 3, 2, 0, 1, '2005,2008', '2010,2013', 'Ninguno', NULL, NULL),
(9, 5, 4, 0, 1, '1995,1998,2001,2004', '1996,1999,2002,2005', 'Ninguno', NULL, NULL),
(15, 2, 1, 0, 0, '2018', '2019', 'Ninguno', '2023-03-01', '2023-12-08'),
(20, 4, 3, 0, 1, '2012,2015,2017', '2013,2016,2018', 'Ninguno', NULL, NULL),
(25, 1, 0, 0, 0, 'Ninguno', 'Ninguno', 'Ninguno', '2023-02-10', '2023-11-17'),
(30, 3, 2, 0, 1, '2010,2014', '2011,2015', 'Ninguno', NULL, NULL),
(35, 0, 0, 0, 0, 'Ninguno', 'Ninguno', 'Ninguno', NULL, NULL),
(40, 6, 5, 0, 1, '2000,2003,2006,2009,2012', '2001,2004,2007,2010,2013', 'Ninguno', NULL, NULL),
(45, 2, 1, 0, 1, '1998', '1999', 'Ninguno', NULL, NULL),
(48, 3, 2, 0, 1, '2015,2018', '2016,2019', 'Ninguno', NULL, NULL);

-- Insertar antecedentes ginecológicos
INSERT INTO AntecedenteGinecologico (paciente_id, menstruacion, menarquia, menopausia, primera_rs, cs, ao, tiempo_ao, trh, diu, sinusorragia, dispauremia, ultima_citologia, resultado_citologia, biopsia) VALUES
(1, '28/5', 12, NULL, 18, 1, TRUE, '3 años', 'No', 'No', 'No', 'No', '2023-01-01', 'Normal', 'No'),
(2, '30/6', 13, NULL, 20, 0, FALSE, NULL, 'No', 'No', 'No', 'No', '2022-11-15', 'ASC-US', 'No'),
(3, '25/4', 11, NULL, 17, 2, TRUE, '5 años', 'No', 'Sí', 'No', 'No', '2023-02-10', 'Normal', 'No'),
(4, 'Irregular', 14, 52, 22, 3, TRUE, '10 años', 'Sí', 'No', 'No', 'Sí', '2022-10-20', 'LSIL', 'CIN1'),
(5, '28/5', 12, NULL, 19, 0, FALSE, NULL, 'No', 'No', 'No', 'No', '2023-01-15', 'Normal', 'No'),
(6, '35/7', 15, NULL, 21, 1, TRUE, '2 años', 'No', 'No', 'Sí', 'No', '2022-12-05', 'Normal', 'No'),
(7, '30/6', 13, NULL, 18, 2, FALSE, NULL, 'No', 'Sí', 'No', 'Sí', '2023-01-20', 'ASC-H', 'CIN2'),
(8, '28/5', 12, NULL, 20, 0, TRUE, '4 años', 'No', 'No', 'No', 'No', '2022-11-30', 'Normal', 'No'),
(9, 'Irregular', 14, 50, 25, 4, TRUE, '8 años', 'Sí', 'No', 'Sí', 'Sí', '2022-10-15', 'HSIL', 'CIN3'),
(10, '25/4', 11, NULL, 17, 1, FALSE, NULL, 'No', 'No', 'No', 'No', '2023-02-05', 'Normal', 'No'),
(15, '28/5', 12, NULL, 18, 0, TRUE, '1 año', 'No', 'No', 'No', 'No', '2023-03-10', 'Normal', 'No'),
(20, '30/6', 13, NULL, 19, 2, FALSE, NULL, 'No', 'Sí', 'No', 'No', '2023-01-25', 'ASC-US', 'No'),
(25, '28/5', 12, NULL, 20, 0, TRUE, '3 años', 'No', 'No', 'No', 'No', '2023-02-15', 'Normal', 'No'),
(30, 'Irregular', 14, NULL, 21, 1, FALSE, NULL, 'No', 'No', 'Sí', 'No', '2022-12-20', 'LSIL', 'CIN1'),
(35, '35/7', 15, NULL, 22, 0, TRUE, '2 años', 'No', 'No', 'No', 'Sí', '2023-01-10', 'Normal', 'No'),
(40, '28/5', 12, NULL, 18, 3, FALSE, NULL, 'No', 'Sí', 'No', 'No', '2022-11-15', 'HSIL', 'CIN3'),
(45, 'Irregular', 13, 48, 20, 2, TRUE, '5 años', 'Sí', 'No', 'Sí', 'Sí', '2022-10-30', 'Normal', 'No'),
(48, '30/6', 14, NULL, 19, 1, FALSE, NULL, 'No', 'No', 'No', 'No', '2023-02-20', 'ASC-US', 'No');